{"reaction_number":{"0":1,"1":2,"2":3,"3":4,"4":5,"5":6,"6":7,"7":8,"8":9,"9":10,"10":11,"11":12,"12":13,"13":14},"reaction_id":{"0":4105,"1":4119,"2":4127,"3":4128,"4":82687,"5":82736,"6":82754,"7":82755,"8":82769,"9":82826,"10":82843,"11":432820,"12":432827,"13":432887},"reactants":{"0":{"star":1,"CHstar":1},"1":{"star":1,"COHstar":1},"2":{"star":1,"CHOHstar":1},"3":{"star":1,"CH3star":1},"4":{"star":1,"CH2OHstar":1},"5":{"star":1,"CH2star":1},"6":{"star":1,"CH3star":1},"7":{"star":1,"CH3star":1},"8":{"star":1,"CHOHstar":1},"9":{"star":1,"CHOHstar":1},"10":{"star":1,"CHOstar":1},"11":{"star":0,"Hstar":1,"COHstar":1},"12":{"star":0,"Hstar":1,"COstar":1},"13":{"star":0,"Hstar":1,"CHstar":1}},"products":{"0":{"Cstar":1,"Hstar":1},"1":{"Cstar":1,"OHstar":1},"2":{"Hstar":1,"CHOstar":1},"3":{"Hstar":1,"CH2star":1},"4":{"Hstar":1,"CHOHstar":1},"5":{"Hstar":1,"CHstar":1},"6":{"Hstar":1,"CH2star":1},"7":{"Hstar":1,"CH2star":1},"8":{"Hstar":1,"HCOstar":1},"9":{"CHstar":1,"OHstar":1},"10":{"Hstar":1,"COstar":1},"11":{"star":1,"CHOHstar":1},"12":{"star":1,"CHOstar":1},"13":{"star":1,"CH2star":1}},"metal_name":{"0":"Rh","1":"Rh","2":"Rh","3":"Rh","4":"Pt","5":"Ir","6":"Ir","7":"Pt","8":"Ag","9":"Ir","10":"Pd","11":"Cu","12":"Cu","13":"Cu"},"facetNum":{"0":111.0,"1":111.0,"2":111.0,"3":211.0,"4":111.0,"5":111.0,"6":111.0,"7":111.0,"8":111.0,"9":111.0,"10":111.0,"11":100.0,"12":100.0,"13":100.0},"reaction_energy":{"0":0.4595000196,"1":0.6767391189,"2":-0.4474827235,"3":0.0471722285,"4":0.0920782929,"5":-0.3990946904,"6":0.3094278704,"7":0.4477048365,"8":0.0842642035,"9":-0.2579926383,"10":-1.2346325135,"11":-0.2490723381,"12":0.4899639814,"13":-0.2320970598},"activation_energy":{"0":1.457976555,"1":1.2146375877,"2":0.8335671746,"3":0.4459642603,"4":1.1740944608,"5":0.1109845591,"6":0.615902013,"7":1.0753831206,"8":0.6376762912,"9":0.5343506485,"10":0.1238456802,"11":0.7396268827,"12":0.972082386,"13":0.5733462734},"reactant_mass_gmol":{"0":13.019,"1":29.018,"2":30.026,"3":15.035,"4":31.034,"5":14.027,"6":15.035,"7":15.035,"8":30.026,"9":30.026,"10":29.018,"11":30.026,"12":29.018,"13":14.027},"reaction_coordinates":{"0":[-3.3637794741,0.0,0.7294474467],"1":[-4.2192577441,0.0,4.08002386],"2":[-4.227464814,0.0,1.3127371898],"3":[-6.6901795155,0.0,2.4727573276],"4":[-6.0365520017,0.0,5.9303193768],"5":[-3.4314441502,0.0,3.1799802729],"6":[-5.0542164144,0.0,3.4409215689],"7":[-5.0613557041,0.0,3.6065442378],"8":[-6.6568088448,0.0,5.1488281093],"9":[-3.3168332519,0.0,3.2277669827],"10":[-3.8490102624,0.0,3.3125480021],"11":[-3.6630154693,-3.1767576036,-2.6728538948,-2.1665803846,-1.6627171375,-1.1220260697,-0.5600583956,0.0,0.7116972096,1.4151165563,2.1258947422,2.8399157473,3.5418784198,4.2361498234],"12":[-5.3168763323,-4.9434324755,-4.5667563248,-4.1851014133,-3.8012205995,-3.4147387251,-3.0202210521,-2.6206956412,-2.2063552449,-1.78263219,-1.3544250891,-0.9068871239,-0.4309390839,0.0,0.5585272633,1.0938360573,1.6060891023,2.0977740014,2.5719437421,3.0338502863,3.4881499173],"13":[-4.3295743532,-3.679889102,-3.0453098298,-2.4103801939,-1.7853474333,-1.1529581634,-0.5637826846,0.0,0.9498240721,1.9118739943,2.8595725792]},"eckart_params_w_alpha_xshift":{"0":[0.7294474467,0.6848371684,0.0224],"1":[4.08002386,0.4428468823,0.2656],"2":[1.3127371898,1.536828629,-0.0448],"3":[2.4727573276,0.8942241953,0.0224],"4":[5.9303193768,0.9215750555,0.0384],"5":[3.1799802729,4.5959478818,-0.3872],"6":[3.4409215689,0.4976021122,0.192],"7":[3.6065442378,0.5836787579,0.1536],"8":[5.1488281093,0.8678573993,0.0576],"9":[3.2277669827,1.4828152432,-0.1024],"10":[3.3125480021,10.9691205368,-0.6304],"11":[[5.091496533],1.3435372901,-0.1184],"12":[[5.2976895514],0.4959645509,0.3296],"13":[[4.4060804543],1.4048113164,-0.1184]},"barrier_type":{"0":"skewedLogistic","1":"eckartSingleAsymm","2":"skewedLogistic","3":"skewedLogistic","4":"eckartSingleAsymm","5":"eckartSingleAsymm","6":"eckartSingleAsymm","7":"eckartSingleAsymm","8":"eckartSingleAsymm","9":"eckartSingleAsymm","10":"eckartSingleAsymm","11":"eckartSingleAsymm","12":"eckartSingleAsymm","13":"eckartSingleAsymm"},"skewLogParams_skewA_skewscale_L_k_vscale":{"0":[-6,0.9,0.2920029221,9,0.057954651],"1":"not defined","2":[-6,1.2,-0.2999265457,6,0.054932723],"3":[-3,1.8,0.0398516303,6,0.0431360684],"4":"not defined","5":"not defined","6":"not defined","7":"not defined","8":"not defined","9":"not defined","10":"not defined","11":"not defined","12":"not defined","13":"not defined"},"Temp_min":{"0":300.0,"1":300.0,"2":300.0,"3":150.0,"4":300.0,"5":150.0,"6":150.0,"7":300.0,"8":200.0,"9":200.0,"10":250.0,"11":300.0,"12":250.0,"13":250.0},"dx_au":{"0":0.001,"1":0.0075,"2":0.00075,"3":0.0075,"4":0.001,"5":0.005,"6":0.0075,"7":0.01,"8":0.0075,"9":0.005,"10":0.005,"11":0.0025,"12":0.0075,"13":0.01},"L_au":{"0":10.0,"1":8.0,"2":10.0,"3":14.0,"4":14.0,"5":8.0,"6":8.0,"7":8.0,"8":14.0,"9":8.0,"10":8.0,"11":10.0,"12":10.0,"13":12.0},"Temperature_list":{"0":[300.0,324,356,388],"1":[300.0,308,356,381],"2":[300.0,304,355,392],"3":[150.0,180,277,394],"4":[300.0,301,359,394],"5":[150.0,181,310,316],"6":[150.0,212,284,326],"7":[300.0,326,360,382],"8":[200.0,241,276,340],"9":[200.0,263,278,388],"10":[250.0,254,310,373],"11":[300.0,321,337,383],"12":[250.0,296,336,381],"13":[250.0,266,321,353]}}