{"reaction_number":{"0":1,"1":2,"2":3,"3":4,"4":5,"5":6,"6":7,"7":8,"8":9,"9":10,"10":11,"11":12,"12":13,"13":14},"reaction_id":{"0":4105,"1":4119,"2":4127,"3":4128,"4":82687,"5":82736,"6":82754,"7":82755,"8":82769,"9":82826,"10":82843,"11":432820,"12":432827,"13":432887},"metal_name":{"0":"Rh","1":"Rh","2":"Rh","3":"Rh","4":"Pt","5":"Ir","6":"Ir","7":"Pt","8":"Ag","9":"Ir","10":"Pd","11":"Cu","12":"Cu","13":"Cu"},"facetNum":{"0":111,"1":111,"2":111,"3":211,"4":111,"5":111,"6":111,"7":111,"8":111,"9":111,"10":111,"11":100,"12":100,"13":100},"equation":{"0":"CH* + * -> C* + H*","1":"COH* + * -> C* + OH*","2":"CHOH* + * -> CHO* + H*","3":"CH3* + * -> CH2* + H*","4":"CH2OH* + * -> CHOH* + H*","5":"CH2* + * -> CH* + H*","6":"CH3* + * -> CH2* + H*","7":"CH3* + * -> CH2* + H*","8":"CHOH* + * -> HCO* + H*","9":"CHOH* + * -> CH* + OH*","10":"CHO* + * -> CO* + H*","11":"COH* + H* + 0* -> CHOH* + *","12":"CO* + H* + 0* -> CHO* + *","13":"CH* + H* + 0* -> CH2* + *"},"reactant_mass_gmol":{"0":13.019,"1":29.018,"2":30.026,"3":15.035,"4":31.034,"5":14.027,"6":15.035,"7":15.035,"8":30.026,"9":30.026,"10":29.018,"11":30.026,"12":29.018,"13":14.027},"reaction_energy":{"0":0.0168863041,"1":0.0248696889,"2":-0.0164446769,"3":0.0017335464,"4":0.0033838128,"5":-0.0146664505,"6":0.0113712576,"7":0.0164528393,"8":0.0030966505,"9":-0.0094810489,"10":-0.0453718806,"11":-0.0093376081,"12":0.0180058334,"13":-0.0085294045},"Temperature_list":{"0":[324,356,388],"1":[300.0,308,356,381],"2":[300.0,304,355,392],"3":[150.0,180,277,394],"4":[300.0,301,359,394],"5":[150.0,181,310,316],"6":[150.0,212,284,326],"7":[300.0,326,360,382],"8":[200.0,241,276,340],"9":[200.0,263,278,388],"10":[250.0,254,310,373],"11":[300.0,321,337,383],"12":[250.0,296,336,381],"13":[250.0,266,321,353]},"Cff_status":{"0":true,"1":true,"2":true,"3":true,"4":true,"5":true,"6":true,"7":true,"8":true,"9":true,"10":true,"11":true,"12":true,"13":true},"kQ_Cff_unitstimeau":{"0":["8.439089996000001e-27","8.528334979000001e-25","4.128594962e-23"],"1":["6.167286059e-25","2.1418641489999997e-24","1.1750109499999998e-21","1.6846349040000002e-20"],"2":["4.7091193650000006e-26","9.146473084e-26","1.1849325180000002e-22","6.770178836999999e-21"],"3":["8.655822108041674e-20","3.1581820793463735e-17","1.0994616555161288e-12","3.958515155450192e-10"],"4":["2.9236971009999998e-24","3.4104214149999996e-24","6.0617571399999995e-21","1.932168005e-19"],"5":["6.175030253943774e-22","6.196319745586352e-19","8.198548538323336e-13","1.1997123100217847e-12"],"6":["1.847925853248729e-25","2.68103220697606e-19","1.7760595209214024e-15","5.153181684742898e-14"],"7":["1.412256772e-22","4.182732331e-21","1.6956145810000001e-19","1.3164036750000002e-18"],"8":["8.913179842086833e-21","5.7568447277197286e-18","3.219035899336675e-16","6.129987709258095e-14"],"9":["1.1954511756806575e-24","9.176101583765838e-20","6.362158089770878e-19","1.0250302732129263e-14"],"10":["5.343530537196135e-32","1.464274704821664e-31","1.310759855840938e-26","8.425888987492551e-23"],"11":["3.1385028249999996e-21","4.1397129599999994e-20","2.387925337e-19","1.6468519730000002e-17"],"12":["3.285354089e-24","4.285033963e-21","4.526656501e-19","2.6981863710000004e-17"],"13":["7.842780383e-21","7.844156122e-20","3.823798696e-17","5.846943816999999e-16"]},"Cff_time_converged_au":{"0":[8050,8050,8050],"1":[8050,8050,8050,8050],"2":[3955,8015,6195,8015],"3":[8010,8010,8010,8050],"4":[15040,15040,15040,15040],"5":[8070,8070,8050,8050],"6":[6040,8050,8050,8050],"7":[8050,8050,8050,8050],"8":[8050,8050,8050,8050],"9":[5110,8070,8070,8050],"10":[8070,8070,8050,8050],"11":[8050,8050,8050,8050],"12":[6230,8050,5880,5740],"13":[8050,8050,7910,7840]}}